1,Tran Hung,Quang Tri,hungtran@gmail.com,C0724,3
2,Le Minh,Hue,minminh@gmail.com,C0524,10
3,Ho Ngan,Sai Gon,nganho132@gmail.com,C0923,5
4,Pham Hung,Da Nang,phamhung@gmail.com,C0324,4
6,Hoang Nguyen,Quang Nam,hoangn@gmail.com,C0724,5
5,Le Hung,Da Nang,hungle@gmail.com,C0324,1
